{
    "arabica": {
        "precision": 0.4634146341463415,
        "recall": 0.4318181818181818,
        "f1-score": 0.4470588235294118,
        "support": 44.0
    },
    "liberica": {
        "precision": 0.5,
        "recall": 0.48,
        "f1-score": 0.4897959183673469,
        "support": 50.0
    },
    "robusta": {
        "precision": 0.5357142857142857,
        "recall": 0.5882352941176471,
        "f1-score": 0.5607476635514018,
        "support": 51.0
    },
    "accuracy": 0.503448275862069,
    "macro avg": {
        "precision": 0.49970963995354234,
        "recall": 0.5000178253119429,
        "f1-score": 0.4992008018160535,
        "support": 145.0
    },
    "weighted avg": {
        "precision": 0.5014598101646041,
        "recall": 0.503448275862069,
        "f1-score": 0.5017828620329859,
        "support": 145.0
    },
    "overall_accuracy": 0.503448275862069
}