{
    "arabica": {
        "precision": 0.9381443298969072,
        "recall": 0.91,
        "f1-score": 0.9238578680203046,
        "support": 100.0
    },
    "liberica": {
        "precision": 0.9047619047619048,
        "recall": 0.95,
        "f1-score": 0.926829268292683,
        "support": 100.0
    },
    "robusta": {
        "precision": 0.9489795918367347,
        "recall": 0.93,
        "f1-score": 0.9393939393939394,
        "support": 100.0
    },
    "accuracy": 0.93,
    "macro avg": {
        "precision": 0.930628608831849,
        "recall": 0.93,
        "f1-score": 0.9300270252356423,
        "support": 300.0
    },
    "weighted avg": {
        "precision": 0.930628608831849,
        "recall": 0.93,
        "f1-score": 0.9300270252356423,
        "support": 300.0
    },
    "overall_accuracy": 0.93
}