{
    "arabica": {
        "precision": 0.8863636363636364,
        "recall": 0.78,
        "f1-score": 0.8297872340425532,
        "support": 100.0
    },
    "liberica": {
        "precision": 0.7350427350427351,
        "recall": 0.86,
        "f1-score": 0.7926267281105991,
        "support": 100.0
    },
    "robusta": {
        "precision": 0.8,
        "recall": 0.76,
        "f1-score": 0.7794871794871795,
        "support": 100.0
    },
    "accuracy": 0.8,
    "macro avg": {
        "precision": 0.8071354571354572,
        "recall": 0.8000000000000002,
        "f1-score": 0.8006337138801105,
        "support": 300.0
    },
    "weighted avg": {
        "precision": 0.8071354571354572,
        "recall": 0.8,
        "f1-score": 0.8006337138801106,
        "support": 300.0
    },
    "overall_accuracy": 0.8
}