{
    "arabica": {
        "precision": 0.4666666666666667,
        "recall": 0.3181818181818182,
        "f1-score": 0.3783783783783784,
        "support": 44.0
    },
    "liberica": {
        "precision": 0.38666666666666666,
        "recall": 0.58,
        "f1-score": 0.464,
        "support": 50.0
    },
    "robusta": {
        "precision": 0.5,
        "recall": 0.39215686274509803,
        "f1-score": 0.43956043956043955,
        "support": 51.0
    },
    "accuracy": 0.43448275862068964,
    "macro avg": {
        "precision": 0.4511111111111111,
        "recall": 0.43011289364230537,
        "f1-score": 0.42731293931293934,
        "support": 145.0
    },
    "weighted avg": {
        "precision": 0.4508045977011495,
        "recall": 0.43448275862068964,
        "f1-score": 0.42942228321538667,
        "support": 145.0
    },
    "overall_accuracy": 0.43448275862068964
}